run_id,sync_every,epoch,loss,microF1,macroF1,best_microF1,best_macroF1,local_steps,epoch_steps,effective_global_steps,seed_nodes_epoch_global,seed_nodes_cum_global,target_global_steps,world_size,time,syncs,commMB_per_step_fp16,commMB_per_step_fp32,commMB_per_step_fp64,commMB_epoch_fp16,commMB_cum_fp16,commMB_epoch_fp32,commMB_cum_fp32,commMB_epoch_fp64,commMB_cum_fp64
reddit_sync_ablation,1,1,0.729515,0.948093,0.910504,0.948093,0.910504,38,38,152,153431,153431,4000,4,6.049431,38,0.628,1.257,2.514,23.883,23.883,47.766,47.766,95.531,95.531
reddit_sync_ablation,1,2,0.236686,0.953128,0.921477,0.953128,0.921477,76,38,304,153431,306862,4000,4,5.200252,38,0.628,1.257,2.514,23.883,47.766,47.766,95.531,95.531,191.063
reddit_sync_ablation,1,3,0.186439,0.956737,0.930402,0.956737,0.930402,114,38,456,153431,460293,4000,4,5.247567,38,0.628,1.257,2.514,23.883,71.649,47.766,143.297,95.531,286.594
reddit_sync_ablation,1,4,0.171597,0.958625,0.932818,0.958625,0.932818,152,38,608,153431,613724,4000,4,5.264365,38,0.628,1.257,2.514,23.883,95.531,47.766,191.063,95.531,382.126
reddit_sync_ablation,1,5,0.155760,0.959507,0.935753,0.959507,0.935753,190,38,760,153431,767155,4000,4,5.310304,38,0.628,1.257,2.514,23.883,119.414,47.766,238.829,95.531,477.657
reddit_sync_ablation,1,6,0.147567,0.959758,0.935339,0.959758,0.935753,228,38,912,153431,920586,4000,4,5.380788,38,0.628,1.257,2.514,23.883,143.297,47.766,286.594,95.531,573.189
reddit_sync_ablation,1,7,0.138241,0.961017,0.938474,0.961017,0.938474,266,38,1064,153431,1074017,4000,4,5.307365,38,0.628,1.257,2.514,23.883,167.180,47.766,334.360,95.531,668.720
reddit_sync_ablation,1,8,0.131042,0.958206,0.936044,0.961017,0.938474,304,38,1216,153431,1227448,4000,4,5.314446,38,0.628,1.257,2.514,23.883,191.063,47.766,382.126,95.531,764.251
reddit_sync_ablation,1,9,0.125268,0.957954,0.935691,0.961017,0.938474,342,38,1368,153431,1380879,4000,4,5.359826,38,0.628,1.257,2.514,23.883,214.946,47.766,429.891,95.531,859.783
reddit_sync_ablation,1,10,0.122495,0.959674,0.936603,0.961017,0.938474,380,38,1520,153431,1534310,4000,4,5.185485,38,0.628,1.257,2.514,23.883,238.829,47.766,477.657,95.531,955.314
reddit_sync_ablation,1,11,0.120074,0.957492,0.935397,0.961017,0.938474,418,38,1672,153431,1687741,4000,4,5.214952,38,0.628,1.257,2.514,23.883,262.711,47.766,525.423,95.531,1050.846
reddit_sync_ablation,1,12,0.116950,0.959213,0.936048,0.961017,0.938474,456,38,1824,153431,1841172,4000,4,5.213299,38,0.628,1.257,2.514,23.883,286.594,47.766,573.189,95.531,1146.377
reddit_sync_ablation,1,13,0.108519,0.959507,0.933732,0.961017,0.938474,494,38,1976,153431,1994603,4000,4,5.074219,38,0.628,1.257,2.514,23.883,310.477,47.766,620.954,95.531,1241.908
reddit_sync_ablation,1,14,0.106241,0.959842,0.940359,0.961017,0.940359,532,38,2128,153431,2148034,4000,4,5.193011,38,0.628,1.257,2.514,23.883,334.360,47.766,668.720,95.531,1337.440
reddit_sync_ablation,1,15,0.110348,0.959926,0.939545,0.961017,0.940359,570,38,2280,153431,2301465,4000,4,5.215202,38,0.628,1.257,2.514,23.883,358.243,47.766,716.486,95.531,1432.971
reddit_sync_ablation,1,16,0.106050,0.958248,0.937544,0.961017,0.940359,608,38,2432,153431,2454896,4000,4,5.058863,38,0.628,1.257,2.514,23.883,382.126,47.766,764.251,95.531,1528.503
reddit_sync_ablation,1,17,0.105524,0.959716,0.936387,0.961017,0.940359,646,38,2584,153431,2608327,4000,4,5.044526,38,0.628,1.257,2.514,23.883,406.009,47.766,812.017,95.531,1624.034
reddit_sync_ablation,1,18,0.101506,0.958374,0.936240,0.961017,0.940359,684,38,2736,153431,2761758,4000,4,5.108317,38,0.628,1.257,2.514,23.883,429.891,47.766,859.783,95.531,1719.566
reddit_sync_ablation,1,19,0.103850,0.959129,0.937072,0.961017,0.940359,722,38,2888,153431,2915189,4000,4,4.567073,38,0.628,1.257,2.514,23.883,453.774,47.766,907.548,95.531,1815.097
reddit_sync_ablation,1,20,0.097007,0.957450,0.935202,0.961017,0.940359,760,38,3040,153431,3068620,4000,4,4.519560,38,0.628,1.257,2.514,23.883,477.657,47.766,955.314,95.531,1910.628
reddit_sync_ablation,1,21,0.096962,0.958206,0.932855,0.961017,0.940359,798,38,3192,153431,3222051,4000,4,4.525827,38,0.628,1.257,2.514,23.883,501.540,47.766,1003.080,95.531,2006.160
reddit_sync_ablation,1,22,0.092078,0.957618,0.934530,0.961017,0.940359,836,38,3344,153431,3375482,4000,4,4.522533,38,0.628,1.257,2.514,23.883,525.423,47.766,1050.846,95.531,2101.691
reddit_sync_ablation,1,23,0.097319,0.957534,0.933835,0.961017,0.940359,874,38,3496,153431,3528913,4000,4,4.510365,38,0.628,1.257,2.514,23.883,549.306,47.766,1098.611,95.531,2197.223
reddit_sync_ablation,1,24,0.096302,0.959129,0.936982,0.961017,0.940359,912,38,3648,153431,3682344,4000,4,4.547825,38,0.628,1.257,2.514,23.883,573.189,47.766,1146.377,95.531,2292.754
reddit_sync_ablation,1,25,0.092969,0.958625,0.936668,0.961017,0.940359,950,38,3800,153431,3835775,4000,4,4.507690,38,0.628,1.257,2.514,23.883,597.071,47.766,1194.143,95.531,2388.285
reddit_sync_ablation,1,26,0.094853,0.960262,0.940297,0.961017,0.940359,988,38,3952,153431,3989206,4000,4,4.529046,38,0.628,1.257,2.514,23.883,620.954,47.766,1241.908,95.531,2483.817
reddit_sync_ablation,1,27,0.083540,0.959800,0.938658,0.961017,0.940359,1000,12,4000,49152,4038358,4000,4,1.452701,12,0.628,1.257,2.514,7.542,628.496,15.084,1256.992,30.168,2513.985
reddit_sync_ablation,2,1,0.729514,0.948135,0.910630,0.948135,0.910630,38,38,152,153431,153431,4000,4,6.441750,19,0.314,0.628,1.257,11.941,11.941,23.883,23.883,47.766,47.766
reddit_sync_ablation,2,2,0.236807,0.952960,0.921375,0.952960,0.921375,76,38,304,153431,306862,4000,4,5.893135,19,0.314,0.628,1.257,11.941,23.883,23.883,47.766,47.766,95.531
reddit_sync_ablation,2,3,0.186523,0.956905,0.931375,0.956905,0.931375,114,38,456,153431,460293,4000,4,5.667506,19,0.314,0.628,1.257,11.941,35.824,23.883,71.649,47.766,143.297
reddit_sync_ablation,2,4,0.171539,0.958709,0.932923,0.958709,0.932923,152,38,608,153431,613724,4000,4,5.332400,19,0.314,0.628,1.257,11.941,47.766,23.883,95.531,47.766,191.063
reddit_sync_ablation,2,5,0.156270,0.959171,0.935733,0.959171,0.935733,190,38,760,153431,767155,4000,4,5.252551,19,0.314,0.628,1.257,11.941,59.707,23.883,119.414,47.766,238.829
reddit_sync_ablation,2,6,0.147178,0.959507,0.935624,0.959507,0.935733,228,38,912,153431,920586,4000,4,4.795913,19,0.314,0.628,1.257,11.941,71.649,23.883,143.297,47.766,286.594
reddit_sync_ablation,2,7,0.138742,0.960556,0.936782,0.960556,0.936782,266,38,1064,153431,1074017,4000,4,4.756615,19,0.314,0.628,1.257,11.941,83.590,23.883,167.180,47.766,334.360
reddit_sync_ablation,2,8,0.130198,0.958290,0.935713,0.960556,0.936782,304,38,1216,153431,1227448,4000,4,4.790695,19,0.314,0.628,1.257,11.941,95.531,23.883,191.063,47.766,382.126
reddit_sync_ablation,2,9,0.123920,0.957912,0.935779,0.960556,0.936782,342,38,1368,153431,1380879,4000,4,4.693027,19,0.314,0.628,1.257,11.941,107.473,23.883,214.946,47.766,429.891
reddit_sync_ablation,2,10,0.122694,0.959297,0.935936,0.960556,0.936782,380,38,1520,153431,1534310,4000,4,4.731461,19,0.314,0.628,1.257,11.941,119.414,23.883,238.829,47.766,477.657
reddit_sync_ablation,2,11,0.119911,0.958122,0.937755,0.960556,0.937755,418,38,1672,153431,1687741,4000,4,4.677164,19,0.314,0.628,1.257,11.941,131.356,23.883,262.711,47.766,525.423
reddit_sync_ablation,2,12,0.117393,0.959926,0.936442,0.960556,0.937755,456,38,1824,153431,1841172,4000,4,4.706991,19,0.314,0.628,1.257,11.941,143.297,23.883,286.594,47.766,573.189
reddit_sync_ablation,2,13,0.109162,0.959297,0.933719,0.960556,0.937755,494,38,1976,153431,1994603,4000,4,4.709150,19,0.314,0.628,1.257,11.941,155.239,23.883,310.477,47.766,620.954
reddit_sync_ablation,2,14,0.105518,0.959339,0.936838,0.960556,0.937755,532,38,2128,153431,2148034,4000,4,4.644800,19,0.314,0.628,1.257,11.941,167.180,23.883,334.360,47.766,668.720
reddit_sync_ablation,2,15,0.106796,0.958961,0.935717,0.960556,0.937755,570,38,2280,153431,2301465,4000,4,4.614595,19,0.314,0.628,1.257,11.941,179.121,23.883,358.243,47.766,716.486
reddit_sync_ablation,2,16,0.105557,0.959548,0.939022,0.960556,0.939022,608,38,2432,153431,2454896,4000,4,4.692678,19,0.314,0.628,1.257,11.941,191.063,23.883,382.126,47.766,764.251
reddit_sync_ablation,2,17,0.100771,0.960891,0.938018,0.960891,0.939022,646,38,2584,153431,2608327,4000,4,4.534351,19,0.314,0.628,1.257,11.941,203.004,23.883,406.009,47.766,812.017
reddit_sync_ablation,2,18,0.102291,0.957450,0.933194,0.960891,0.939022,684,38,2736,153431,2761758,4000,4,4.470608,19,0.314,0.628,1.257,11.941,214.946,23.883,429.891,47.766,859.783
reddit_sync_ablation,2,19,0.108864,0.958961,0.934287,0.960891,0.939022,722,38,2888,153431,2915189,4000,4,4.560257,19,0.314,0.628,1.257,11.941,226.887,23.883,453.774,47.766,907.548
reddit_sync_ablation,2,20,0.100911,0.958038,0.935806,0.960891,0.939022,760,38,3040,153431,3068620,4000,4,4.313618,19,0.314,0.628,1.257,11.941,238.829,23.883,477.657,47.766,955.314
reddit_sync_ablation,2,21,0.092646,0.958583,0.935244,0.960891,0.939022,798,38,3192,153431,3222051,4000,4,4.312285,19,0.314,0.628,1.257,11.941,250.770,23.883,501.540,47.766,1003.080
reddit_sync_ablation,2,22,0.094797,0.959255,0.938017,0.960891,0.939022,836,38,3344,153431,3375482,4000,4,4.349142,19,0.314,0.628,1.257,11.941,262.711,23.883,525.423,47.766,1050.846
reddit_sync_ablation,2,23,0.095209,0.959045,0.935350,0.960891,0.939022,874,38,3496,153431,3528913,4000,4,4.380967,19,0.314,0.628,1.257,11.941,274.653,23.883,549.306,47.766,1098.611
reddit_sync_ablation,2,24,0.095571,0.959045,0.937779,0.960891,0.939022,912,38,3648,153431,3682344,4000,4,4.519820,19,0.314,0.628,1.257,11.941,286.594,23.883,573.189,47.766,1146.377
reddit_sync_ablation,2,25,0.098170,0.959339,0.939739,0.960891,0.939739,950,38,3800,153431,3835775,4000,4,4.521282,19,0.314,0.628,1.257,11.941,298.536,23.883,597.071,47.766,1194.143
reddit_sync_ablation,2,26,0.093124,0.959045,0.938712,0.960891,0.939739,988,38,3952,153431,3989206,4000,4,4.546589,19,0.314,0.628,1.257,11.941,310.477,23.883,620.954,47.766,1241.908
reddit_sync_ablation,2,27,0.087283,0.959171,0.937084,0.960891,0.939739,1000,12,4000,49152,4038358,4000,4,1.381386,6,0.314,0.628,1.257,3.771,314.248,7.542,628.496,15.084,1256.992
reddit_sync_ablation,4,1,0.729515,0.948135,0.910480,0.948135,0.910480,38,38,152,153431,153431,4000,4,5.018316,10,0.165,0.331,0.662,6.285,6.285,12.570,12.570,25.140,25.140
reddit_sync_ablation,4,2,0.236770,0.952960,0.921266,0.952960,0.921266,76,38,304,153431,306862,4000,4,4.628282,10,0.165,0.331,0.662,6.285,12.570,12.570,25.140,25.140,50.280
reddit_sync_ablation,4,3,0.186421,0.956989,0.931612,0.956989,0.931612,114,38,456,153431,460293,4000,4,4.459273,10,0.165,0.331,0.662,6.285,18.855,12.570,37.710,25.140,75.420
reddit_sync_ablation,4,4,0.171441,0.958961,0.933406,0.958961,0.933406,152,38,608,153431,613724,4000,4,4.439521,10,0.165,0.331,0.662,6.285,25.140,12.570,50.280,25.140,100.559
reddit_sync_ablation,4,5,0.156339,0.959339,0.935630,0.959339,0.935630,190,38,760,153431,767155,4000,4,4.395411,10,0.165,0.331,0.662,6.285,31.425,12.570,62.850,25.140,125.699
reddit_sync_ablation,4,6,0.147348,0.959674,0.935409,0.959674,0.935630,228,38,912,153431,920586,4000,4,4.464041,10,0.165,0.331,0.662,6.285,37.710,12.570,75.420,25.140,150.839
reddit_sync_ablation,4,7,0.139661,0.960136,0.937124,0.960136,0.937124,266,38,1064,153431,1074017,4000,4,4.420758,10,0.165,0.331,0.662,6.285,43.995,12.570,87.989,25.140,175.979
reddit_sync_ablation,4,8,0.131441,0.957366,0.935450,0.960136,0.937124,304,38,1216,153431,1227448,4000,4,4.489836,10,0.165,0.331,0.662,6.285,50.280,12.570,100.559,25.140,201.119
reddit_sync_ablation,4,9,0.125653,0.958038,0.936185,0.960136,0.937124,342,38,1368,153431,1380879,4000,4,4.386405,10,0.165,0.331,0.662,6.285,56.565,12.570,113.129,25.140,226.259
reddit_sync_ablation,4,10,0.120190,0.959968,0.935801,0.960136,0.937124,380,38,1520,153431,1534310,4000,4,4.322934,10,0.165,0.331,0.662,6.285,62.850,12.570,125.699,25.140,251.398
reddit_sync_ablation,4,11,0.118665,0.957534,0.936802,0.960136,0.937124,418,38,1672,153431,1687741,4000,4,4.333983,10,0.165,0.331,0.662,6.285,69.135,12.570,138.269,25.140,276.538
reddit_sync_ablation,4,12,0.114996,0.960430,0.936906,0.960430,0.937124,456,38,1824,153431,1841172,4000,4,4.306060,10,0.165,0.331,0.662,6.285,75.420,12.570,150.839,25.140,301.678
reddit_sync_ablation,4,13,0.106790,0.959087,0.933588,0.960430,0.937124,494,38,1976,153431,1994603,4000,4,4.398233,10,0.165,0.331,0.662,6.285,81.705,12.570,163.409,25.140,326.818
reddit_sync_ablation,4,14,0.105656,0.959842,0.938352,0.960430,0.938352,532,38,2128,153431,2148034,4000,4,4.329336,10,0.165,0.331,0.662,6.285,87.989,12.570,175.979,25.140,351.958
reddit_sync_ablation,4,15,0.111366,0.959297,0.936838,0.960430,0.938352,570,38,2280,153431,2301465,4000,4,4.343910,10,0.165,0.331,0.662,6.285,94.274,12.570,188.549,25.140,377.098
reddit_sync_ablation,4,16,0.106650,0.959171,0.938090,0.960430,0.938352,608,38,2432,153431,2454896,4000,4,4.402087,10,0.165,0.331,0.662,6.285,100.559,12.570,201.119,25.140,402.238
reddit_sync_ablation,4,17,0.101955,0.959800,0.936377,0.960430,0.938352,646,38,2584,153431,2608327,4000,4,4.315712,10,0.165,0.331,0.662,6.285,106.844,12.570,213.689,25.140,427.377
reddit_sync_ablation,4,18,0.100640,0.958457,0.935040,0.960430,0.938352,684,38,2736,153431,2761758,4000,4,4.475593,10,0.165,0.331,0.662,6.285,113.129,12.570,226.259,25.140,452.517
reddit_sync_ablation,4,19,0.102047,0.958541,0.932722,0.960430,0.938352,722,38,2888,153431,2915189,4000,4,4.534034,10,0.165,0.331,0.662,6.285,119.414,12.570,238.829,25.140,477.657
reddit_sync_ablation,4,20,0.097908,0.958457,0.936533,0.960430,0.938352,760,38,3040,153431,3068620,4000,4,4.377541,10,0.165,0.331,0.662,6.285,125.699,12.570,251.398,25.140,502.797
reddit_sync_ablation,4,21,0.094093,0.956569,0.931918,0.960430,0.938352,798,38,3192,153431,3222051,4000,4,4.356683,10,0.165,0.331,0.662,6.285,131.984,12.570,263.968,25.140,527.937
reddit_sync_ablation,4,22,0.094205,0.958416,0.934526,0.960430,0.938352,836,38,3344,153431,3375482,4000,4,4.286447,10,0.165,0.331,0.662,6.285,138.269,12.570,276.538,25.140,553.077
reddit_sync_ablation,4,23,0.101113,0.958122,0.936237,0.960430,0.938352,874,38,3496,153431,3528913,4000,4,4.277288,10,0.165,0.331,0.662,6.285,144.554,12.570,289.108,25.140,578.216
reddit_sync_ablation,4,24,0.099529,0.959213,0.936685,0.960430,0.938352,912,38,3648,153431,3682344,4000,4,4.281110,10,0.165,0.331,0.662,6.285,150.839,12.570,301.678,25.140,603.356
reddit_sync_ablation,4,25,0.092257,0.959800,0.938624,0.960430,0.938624,950,38,3800,153431,3835775,4000,4,4.276357,10,0.165,0.331,0.662,6.285,157.124,12.570,314.248,25.140,628.496
reddit_sync_ablation,4,26,0.092582,0.959465,0.939057,0.960430,0.939057,988,38,3952,153431,3989206,4000,4,4.273229,10,0.165,0.331,0.662,6.285,163.409,12.570,326.818,25.140,653.636
reddit_sync_ablation,4,27,0.088356,0.958122,0.935122,0.960430,0.939057,1000,12,4000,49152,4038358,4000,4,1.330602,3,0.157,0.314,0.628,1.885,165.294,3.771,330.589,7.542,661.178
reddit_sync_ablation,8,1,0.729515,0.948135,0.910608,0.948135,0.910608,38,38,152,153431,153431,4000,4,5.751316,5,0.083,0.165,0.331,3.142,3.142,6.285,6.285,12.570,12.570
reddit_sync_ablation,8,2,0.236792,0.953002,0.921419,0.953002,0.921419,76,38,304,153431,306862,4000,4,5.321193,5,0.083,0.165,0.331,3.142,6.285,6.285,12.570,12.570,25.140
reddit_sync_ablation,8,3,0.186667,0.957073,0.931530,0.957073,0.931530,114,38,456,153431,460293,4000,4,5.037411,5,0.083,0.165,0.331,3.142,9.427,6.285,18.855,12.570,37.710
reddit_sync_ablation,8,4,0.171543,0.959003,0.933259,0.959003,0.933259,152,38,608,153431,613724,4000,4,4.761324,5,0.083,0.165,0.331,3.142,12.570,6.285,25.140,12.570,50.280
reddit_sync_ablation,8,5,0.155983,0.959297,0.935610,0.959297,0.935610,190,38,760,153431,767155,4000,4,4.710055,5,0.083,0.165,0.331,3.142,15.712,6.285,31.425,12.570,62.850
reddit_sync_ablation,8,6,0.147562,0.960052,0.935786,0.960052,0.935786,228,38,912,153431,920586,4000,4,4.799499,5,0.083,0.165,0.331,3.142,18.855,6.285,37.710,12.570,75.420
reddit_sync_ablation,8,7,0.138542,0.960933,0.937139,0.960933,0.937139,266,38,1064,153431,1074017,4000,4,4.771757,5,0.083,0.165,0.331,3.142,21.997,6.285,43.995,12.570,87.989
reddit_sync_ablation,8,8,0.131011,0.957996,0.935167,0.960933,0.937139,304,38,1216,153431,1227448,4000,4,4.676955,5,0.083,0.165,0.331,3.142,25.140,6.285,50.280,12.570,100.559
reddit_sync_ablation,8,9,0.124812,0.958038,0.936889,0.960933,0.937139,342,38,1368,153431,1380879,4000,4,4.665188,5,0.083,0.165,0.331,3.142,28.282,6.285,56.565,12.570,113.129
reddit_sync_ablation,8,10,0.123039,0.960681,0.938936,0.960933,0.938936,380,38,1520,153431,1534310,4000,4,4.534388,5,0.083,0.165,0.331,3.142,31.425,6.285,62.850,12.570,125.699
reddit_sync_ablation,8,11,0.119842,0.958625,0.936002,0.960933,0.938936,418,38,1672,153431,1687741,4000,4,4.582661,5,0.083,0.165,0.331,3.142,34.567,6.285,69.135,12.570,138.269
reddit_sync_ablation,8,12,0.118030,0.958961,0.935022,0.960933,0.938936,456,38,1824,153431,1841172,4000,4,4.561204,5,0.083,0.165,0.331,3.142,37.710,6.285,75.420,12.570,150.839
reddit_sync_ablation,8,13,0.107793,0.959045,0.933698,0.960933,0.938936,494,38,1976,153431,1994603,4000,4,4.835172,5,0.083,0.165,0.331,3.142,40.852,6.285,81.705,12.570,163.409
reddit_sync_ablation,8,14,0.106257,0.959339,0.938740,0.960933,0.938936,532,38,2128,153431,2148034,4000,4,4.659629,5,0.083,0.165,0.331,3.142,43.995,6.285,87.989,12.570,175.979
reddit_sync_ablation,8,15,0.108786,0.958164,0.933645,0.960933,0.938936,570,38,2280,153431,2301465,4000,4,4.727694,5,0.083,0.165,0.331,3.142,47.137,6.285,94.274,12.570,188.549
reddit_sync_ablation,8,16,0.105218,0.959087,0.938713,0.960933,0.938936,608,38,2432,153431,2454896,4000,4,4.641515,5,0.083,0.165,0.331,3.142,50.280,6.285,100.559,12.570,201.119
reddit_sync_ablation,8,17,0.104316,0.960598,0.939664,0.960933,0.939664,646,38,2584,153431,2608327,4000,4,4.580742,5,0.083,0.165,0.331,3.142,53.422,6.285,106.844,12.570,213.689
reddit_sync_ablation,8,18,0.102029,0.958835,0.936571,0.960933,0.939664,684,38,2736,153431,2761758,4000,4,4.192630,5,0.083,0.165,0.331,3.142,56.565,6.285,113.129,12.570,226.259
reddit_sync_ablation,8,19,0.104694,0.960010,0.936769,0.960933,0.939664,722,38,2888,153431,2915189,4000,4,4.206272,5,0.083,0.165,0.331,3.142,59.707,6.285,119.414,12.570,238.829
reddit_sync_ablation,8,20,0.098031,0.957199,0.935089,0.960933,0.939664,760,38,3040,153431,3068620,4000,4,4.209958,5,0.083,0.165,0.331,3.142,62.850,6.285,125.699,12.570,251.398
reddit_sync_ablation,8,21,0.091096,0.957912,0.934220,0.960933,0.939664,798,38,3192,153431,3222051,4000,4,4.209220,5,0.083,0.165,0.331,3.142,65.992,6.285,131.984,12.570,263.968
reddit_sync_ablation,8,22,0.094889,0.957283,0.933097,0.960933,0.939664,836,38,3344,153431,3375482,4000,4,4.195911,5,0.083,0.165,0.331,3.142,69.135,6.285,138.269,12.570,276.538
reddit_sync_ablation,8,23,0.102250,0.958457,0.934036,0.960933,0.939664,874,38,3496,153431,3528913,4000,4,4.208863,5,0.083,0.165,0.331,3.142,72.277,6.285,144.554,12.570,289.108
reddit_sync_ablation,8,24,0.098706,0.957828,0.934225,0.960933,0.939664,912,38,3648,153431,3682344,4000,4,4.214826,5,0.083,0.165,0.331,3.142,75.420,6.285,150.839,12.570,301.678
reddit_sync_ablation,8,25,0.095747,0.957073,0.934345,0.960933,0.939664,950,38,3800,153431,3835775,4000,4,4.242041,5,0.083,0.165,0.331,3.142,78.562,6.285,157.124,12.570,314.248
reddit_sync_ablation,8,26,0.104736,0.958961,0.937849,0.960933,0.939664,988,38,3952,153431,3989206,4000,4,4.202384,5,0.083,0.165,0.331,3.142,81.705,6.285,163.409,12.570,326.818
reddit_sync_ablation,8,27,0.092233,0.959381,0.937506,0.960933,0.939664,1000,12,4000,49152,4038358,4000,4,1.327996,2,0.105,0.209,0.419,1.257,82.961,2.514,165.923,5.028,331.846
reddit_sync_ablation,16,1,0.729516,0.948093,0.910504,0.948093,0.910504,38,38,152,153431,153431,4000,4,4.901054,3,0.050,0.099,0.198,1.885,1.885,3.771,3.771,7.542,7.542
reddit_sync_ablation,16,2,0.236680,0.953212,0.921639,0.953212,0.921639,76,38,304,153431,306862,4000,4,4.586175,3,0.050,0.099,0.198,1.885,3.771,3.771,7.542,7.542,15.084
reddit_sync_ablation,16,3,0.186311,0.956779,0.931184,0.956779,0.931184,114,38,456,153431,460293,4000,4,4.479074,3,0.050,0.099,0.198,1.885,5.656,3.771,11.313,7.542,22.626
reddit_sync_ablation,16,4,0.171923,0.958499,0.932388,0.958499,0.932388,152,38,608,153431,613724,4000,4,4.307034,3,0.050,0.099,0.198,1.885,7.542,3.771,15.084,7.542,30.168
reddit_sync_ablation,16,5,0.155703,0.959465,0.935703,0.959465,0.935703,190,38,760,153431,767155,4000,4,4.276396,3,0.050,0.099,0.198,1.885,9.427,3.771,18.855,7.542,37.710
reddit_sync_ablation,16,6,0.147341,0.959255,0.935435,0.959465,0.935703,228,38,912,153431,920586,4000,4,4.548860,3,0.050,0.099,0.198,1.885,11.313,3.771,22.626,7.542,45.252
reddit_sync_ablation,16,7,0.139372,0.960346,0.937503,0.960346,0.937503,266,38,1064,153431,1074017,4000,4,4.397034,3,0.050,0.099,0.198,1.885,13.198,3.771,26.397,7.542,52.794
reddit_sync_ablation,16,8,0.129911,0.958751,0.935942,0.960346,0.937503,304,38,1216,153431,1227448,4000,4,4.410547,3,0.050,0.099,0.198,1.885,15.084,3.771,30.168,7.542,60.336
reddit_sync_ablation,16,9,0.125046,0.957325,0.935612,0.960346,0.937503,342,38,1368,153431,1380879,4000,4,4.485332,3,0.050,0.099,0.198,1.885,16.969,3.771,33.939,7.542,67.878
reddit_sync_ablation,16,10,0.123407,0.959968,0.936607,0.960346,0.937503,380,38,1520,153431,1534310,4000,4,4.535696,3,0.050,0.099,0.198,1.885,18.855,3.771,37.710,7.542,75.420
reddit_sync_ablation,16,11,0.117850,0.958416,0.936600,0.960346,0.937503,418,38,1672,153431,1687741,4000,4,4.301457,3,0.050,0.099,0.198,1.885,20.740,3.771,41.481,7.542,82.961
reddit_sync_ablation,16,12,0.118027,0.959758,0.937118,0.960346,0.937503,456,38,1824,153431,1841172,4000,4,4.302590,3,0.050,0.099,0.198,1.885,22.626,3.771,45.252,7.542,90.503
reddit_sync_ablation,16,13,0.108964,0.959758,0.934690,0.960346,0.937503,494,38,1976,153431,1994603,4000,4,4.421978,3,0.050,0.099,0.198,1.885,24.511,3.771,49.023,7.542,98.045
reddit_sync_ablation,16,14,0.105689,0.960472,0.939307,0.960472,0.939307,532,38,2128,153431,2148034,4000,4,4.482177,3,0.050,0.099,0.198,1.885,26.397,3.771,52.794,7.542,105.587
reddit_sync_ablation,16,15,0.103228,0.960388,0.937790,0.960472,0.939307,570,38,2280,153431,2301465,4000,4,4.423500,3,0.050,0.099,0.198,1.885,28.282,3.771,56.565,7.542,113.129
reddit_sync_ablation,16,16,0.103896,0.959297,0.937869,0.960472,0.939307,608,38,2432,153431,2454896,4000,4,4.454518,3,0.050,0.099,0.198,1.885,30.168,3.771,60.336,7.542,120.671
reddit_sync_ablation,16,17,0.102309,0.959339,0.937163,0.960472,0.939307,646,38,2584,153431,2608327,4000,4,4.471007,3,0.050,0.099,0.198,1.885,32.053,3.771,64.107,7.542,128.213
reddit_sync_ablation,16,18,0.102784,0.958290,0.934330,0.960472,0.939307,684,38,2736,153431,2761758,4000,4,4.245820,3,0.050,0.099,0.198,1.885,33.939,3.771,67.878,7.542,135.755
reddit_sync_ablation,16,19,0.105839,0.958877,0.935382,0.960472,0.939307,722,38,2888,153431,2915189,4000,4,4.235288,3,0.050,0.099,0.198,1.885,35.824,3.771,71.649,7.542,143.297
reddit_sync_ablation,16,20,0.101086,0.957996,0.936547,0.960472,0.939307,760,38,3040,153431,3068620,4000,4,4.225848,3,0.050,0.099,0.198,1.885,37.710,3.771,75.420,7.542,150.839
reddit_sync_ablation,16,21,0.099746,0.957366,0.935866,0.960472,0.939307,798,38,3192,153431,3222051,4000,4,4.350723,3,0.050,0.099,0.198,1.885,39.595,3.771,79.191,7.542,158.381
reddit_sync_ablation,16,22,0.091926,0.957534,0.935758,0.960472,0.939307,836,38,3344,153431,3375482,4000,4,4.350036,3,0.050,0.099,0.198,1.885,41.481,3.771,82.961,7.542,165.923
reddit_sync_ablation,16,23,0.102106,0.959465,0.937345,0.960472,0.939307,874,38,3496,153431,3528913,4000,4,4.355474,3,0.050,0.099,0.198,1.885,43.366,3.771,86.732,7.542,173.465
reddit_sync_ablation,16,24,0.097500,0.959674,0.937809,0.960472,0.939307,912,38,3648,153431,3682344,4000,4,4.344939,3,0.050,0.099,0.198,1.885,45.252,3.771,90.503,7.542,181.007
reddit_sync_ablation,16,25,0.097577,0.959716,0.938661,0.960472,0.939307,950,38,3800,153431,3835775,4000,4,4.254691,3,0.050,0.099,0.198,1.885,47.137,3.771,94.274,7.542,188.549
reddit_sync_ablation,16,26,0.103690,0.958248,0.938272,0.960472,0.939307,988,38,3952,153431,3989206,4000,4,4.229669,3,0.050,0.099,0.198,1.885,49.023,3.771,98.045,7.542,196.091
reddit_sync_ablation,16,27,0.088152,0.958667,0.936245,0.960472,0.939307,1000,12,4000,49152,4038358,4000,4,1.336837,1,0.052,0.105,0.209,0.628,49.651,1.257,99.302,2.514,198.605
